DATE,CO,SO2,O3
31-03-18,1.17,16.59,67.56
01-04-18,1.01,14.13,68.76
02-04-18,1.22,16.54,64.33
03-04-18,1.28,17.36,67.6
04-04-18,1.44,16.58,65.46
05-04-18,1.76,19.67,64.73
06-04-18,1.42,19.96,54.04
07-04-18,1.12,10.48,54.42
08-04-18,1.09,10.5,56.29
09-04-18,1.35,10.77,42.76
10-04-18,1.57,12.65,60.94
11-04-18,0.99,11.21,46.34
12-04-18,1.3,10.07,48.2
13-04-18,1.78,13.37,47.74
14-04-18,2.12,15.77,47.69
15-04-18,2.26,17.56,53.47
16-04-18,2.51,21.02,55.85
17-04-18,1.56,13.57,49.19
18-04-18,1.04,13.29,51.01
19-04-18,1.19,16.76,53.3
20-04-18,0.91,15.55,48.98
21-04-18,0.89,12.08,61.05
22-04-18,0.85,16.92,60.81
23-04-18,1.03,12.89,63.78
24-04-18,1.28,17.01,59.45
25-04-18,2.02,15.1,48.81
26-04-18,2.09,17.89,65.07
27-04-18,1.41,12.96,69.49
28-04-18,1.14,12.38,75.5
29-04-18,1.26,16.1,69.07
30-04-18,1.12,11.9,60.39
01-05-18,0.81,8.8,65.54
02-05-18,1.02,7.65,64.55
03-05-18,1.23,9.52,50.16
04-05-18,1.17,9.06,59.09
05-05-18,1.74,11.85,59.48
06-05-18,2.05,14.61,57.57
07-05-18,2.2,16.31,57.48
08-05-18,1.31,6.97,61.42
09-05-18,1.46,12.35,53.1
10-05-18,2.41,12.02,57.78
11-05-18,2.73,16.58,65.24
12-05-18,3.2,17.75,67.9
13-05-18,2.1,11.48,67.88
14-05-18,2.05,11.3,56.2
15-05-18,1.91,11.9,62.52
16-05-18,1.11,9.25,54.41
17-05-18,0.85,13.61,70.39
18-05-18,1.07,13.97,58.67
19-05-18,1.46,12.48,57.66
20-05-18,1.08,12.65,55.77
21-05-18,0.91,12.73,60.27
22-05-18,1.17,15.56,59.41
23-05-18,1.66,17.57,59.46
24-05-18,1.34,17.78,53.43
25-05-18,1.31,12.73,48.95
26-05-18,1.47,14.9,49.85
27-05-18,1.1,11.59,56.75
28-05-18,1.33,15.54,59.11
29-05-18,1.4,11.93,59.1
30-05-18,0.95,8.58,59.9
31-05-18,1,9.71,50.6
01-06-18,0.81,8.24,58.87
02-06-18,0.98,9.08,60.12
03-06-18,0.84,7.79,57.87
04-06-18,0.81,8.14,57.03
05-06-18,0.82,7.51,48.46
06-06-18,0.88,9.34,48.47
07-06-18,0.96,10.1,60.18
08-06-18,0.95,7.75,54.22
09-06-18,0.9,6.41,41.95
10-06-18,0.93,7.35,45.16
11-06-18,0.9,6.94,46.66
12-06-18,0.87,8.73,37.85
13-06-18,0.77,6.91,27.45
14-06-18,0.72,7.22,43.38
15-06-18,0.7,7.31,40.15
16-06-18,0.68,7.29,45.76
17-06-18,0.68,6.18,44.56
18-06-18,0.77,7.71,46.41
19-06-18,0.68,6.5,53.39
20-06-18,0.77,10.05,60.2
21-06-18,0.75,9.73,66.75
22-06-18,0.99,12.38,64.38
23-06-18,0.96,11.68,66.18
24-06-18,0.77,13.73,59.17
25-06-18,0.74,12.17,39.06
26-06-18,0.72,13.16,33.09
27-06-18,0.84,10.43,44.04
28-06-18,0.76,8.48,33.17
29-06-18,0.87,9.36,31.43
30-06-18,0.91,9.55,31.21
01-07-18,0.78,8.53,28.09
02-07-18,0.65,8.82,33.79
03-07-18,0.86,10.11,39.78
04-07-18,0.78,10.14,45.71
05-07-18,0.95,11.14,41.14
06-07-18,0.94,10.27,40.01
07-07-18,0.9,10.4,53.82
08-07-18,0.98,11.6,65.27
09-07-18,0.93,11,54.8
10-07-18,0.81,10.92,43.89
11-07-18,0.84,11.26,34.6
12-07-18,0.76,10.92,45.16
13-07-18,0.88,10.69,26.96
14-07-18,0.84,11.13,29.2
15-07-18,0.78,10.64,28.01
16-07-18,0.96,9.51,23.59
17-07-18,0.87,10.2,31.96
18-07-18,0.82,11.04,32.43
19-07-18,0.8,11.14,31.96
20-07-18,0.89,10.4,24.18
21-07-18,0.97,11.2,32.23
22-07-18,0.83,9.85,24.91
23-07-18,0.81,10.43,26.11
24-07-18,0.83,10.78,34.46
25-07-18,0.81,9.99,21.39
26-07-18,0.89,9.27,18.6
27-07-18,0.91,9.13,19.82
28-07-18,0.73,9.55,24.11
29-07-18,0.74,9.37,26.19
30-07-18,0.8,8.96,28.09
31-07-18,0.91,9.12,27.81
01-08-18,0.94,9.71,29.94
02-08-18,0.86,10.22,29.3
03-08-18,0.78,9.48,28.1
04-08-18,0.76,9.61,29.61
05-08-18,0.71,9.86,25.4
06-08-18,0.9,9.4,27.42
07-08-18,0.98,10.65,32.06
08-08-18,1.02,9.47,31.12
09-08-18,0.89,9.85,34.11
10-08-18,1.11,9.66,31.83
11-08-18,0.7,8.84,27.66
12-08-18,0.66,9.09,23.92
13-08-18,0.84,9.26,27.7
14-08-18,1.09,9.86,32.47
15-08-18,0.84,8.85,34.04
16-08-18,1.21,10.43,31.87
17-08-18,0.98,9.26,30.62
18-08-18,0.88,10.05,30.9
19-08-18,1.07,11.4,32.1
20-08-18,1.18,10.88,39.36
21-08-18,1.02,11.99,31.02
22-08-18,0.9,11.43,25.33
23-08-18,0.82,10.82,18.25
24-08-18,0.8,10.4,19.29
25-08-18,0.68,10.9,20.69
26-08-18,0.6,10.31,24.77
27-08-18,0.78,10.82,26.5
28-08-18,0.85,10.84,21.91
29-08-18,0.9,10.23,21.53
30-08-18,0.95,9.97,27.06
31-08-18,0.82,9.67,23.57
01-09-18,1.02,10.53,19.58
02-09-18,0.87,9.81,23.36
03-09-18,1.06,9.96,26.15
04-09-18,1.29,10.8,26.55
05-09-18,1.04,9.62,20.64
06-09-18,0.96,10.13,26.24
07-09-18,1.1,10.75,28.23
08-09-18,0.84,11.38,23.65
09-09-18,0.72,10.98,26.36
10-09-18,0.88,11.21,29.46
11-09-18,0.78,9.77,23.21
12-09-18,0.71,10.31,22.44
13-09-18,0.63,11.24,23.11
14-09-18,0.7,11.21,24.58
15-09-18,0.8,11.74,25.86
16-09-18,0.72,11.14,26.12
17-09-18,0.78,11.12,35.01
18-09-18,0.75,11.95,38.79
19-09-18,0.89,13.43,40.04
20-09-18,0.98,14.41,49.18
21-09-18,0.75,12.74,30.31
22-09-18,0.73,11.11,23.89
23-09-18,0.67,11.59,28.89
24-09-18,0.74,11.08,19.54
25-09-18,0.81,10.88,22.48
26-09-18,1.03,11.59,28.54
27-09-18,1.5,12.78,35.24
28-09-18,1.78,12.98,37.24
29-09-18,1.57,13.08,41.92
30-09-18,1,12.38,35.54
01-10-18,1.13,12.7,38.52
02-10-18,1.11,12.25,35.8
03-10-18,1.13,13.36,36.72
04-10-18,1.34,14.42,45.63
05-10-18,1.62,17.27,44.88
06-10-18,1.23,13.42,32.93
07-10-18,1.25,14.33,42.38
08-10-18,1.51,16.13,51.05
09-10-18,1.59,19.67,52.46
10-10-18,1.51,16.55,43.9
11-10-18,1.02,14.54,37.04
12-10-18,1.13,16.06,42.01
13-10-18,1.41,17.91,42
14-10-18,1.3,16.07,40.16
15-10-18,1.61,17.96,44.92
16-10-18,2.2,19.19,54.38
17-10-18,1.93,17.13,44.29
18-10-18,2.47,18.46,44.65
19-10-18,1.66,18.35,51.05
20-10-18,1.55,19.82,47.64
21-10-18,1.52,20.59,42.61
22-10-18,1.55,17.74,41.32
23-10-18,1.84,19.49,44.7
24-10-18,2.52,20.95,56.09
25-10-18,2.35,22.51,62.29
26-10-18,2.72,20.76,53.02
27-10-18,3.14,19.9,52.9
28-10-18,2.45,15.62,52.78
29-10-18,2.67,16.66,53.2
30-10-18,2.9,17.62,50.55
31-10-18,2.91,18.11,47.05
01-11-18,2.97,20.12,45.98
02-11-18,1.99,19.65,46.13
03-11-18,1.43,17.1,45.43
04-11-18,1,15.01,51.96
05-11-18,1.88,14.63,45
06-11-18,1.29,15.37,45.01
07-11-18,1.44,19.39,51.22
08-11-18,2.45,26.52,38.35
09-11-18,2.65,17.41,47.94
10-11-18,3.01,18.01,42.55
11-11-18,2.89,16.2,51.68
12-11-18,2.85,17.4,53.37
13-11-18,2.74,18.72,37.8
14-11-18,1.68,16.02,31.95
15-11-18,1.29,15.03,32.95
16-11-18,1.24,14.2,40.74
17-11-18,1.6,14.37,36.97
18-11-18,2,16.29,39.51
19-11-18,1.56,16.32,51.15
20-11-18,2.04,16.11,46.03
21-11-18,1.79,14.22,40.22
22-11-18,2.09,16.89,37.22
23-11-18,2.04,16.39,40.01
24-11-18,1.34,15.12,37.48
25-11-18,1.72,16.56,37.17
26-11-18,2.43,20.11,39.8
27-11-18,3.32,18.31,34.02
28-11-18,2.85,15.96,34.61
29-11-18,2.52,12.76,35.79
30-11-18,1.96,13.69,35.79
01-12-18,1.91,14.4,35.45
02-12-18,2.77,16.62,39.35
03-12-18,2.74,16.52,38.44
04-12-18,3.17,16.28,38.12
05-12-18,2.59,15.89,32.33
06-12-18,3.04,16.49,40.87
07-12-18,2.09,14.11,32.45
08-12-18,2.2,15.47,37.6
09-12-18,2.67,18.08,39.85
10-12-18,2.75,16.74,42.51
11-12-18,2.78,15.49,41.9
12-12-18,1.95,14.64,36.34
13-12-18,1.21,13.07,24.89
14-12-18,1.22,12.5,27.74
15-12-18,1.22,13.34,29.58
16-12-18,1.42,15.76,32.7
17-12-18,1.93,16.14,32.85
18-12-18,1.78,17.76,37.13
19-12-18,1.92,17.41,37.05
20-12-18,2.64,17.68,40.5
21-12-18,2.22,15.9,38.38
22-12-18,2.59,18.47,44.98
23-12-18,3.36,18.21,50.65
24-12-18,3.36,17.86,43.25
25-12-18,1.9,14.14,36.37
26-12-18,1.99,15.37,39.09
27-12-18,2.87,18.03,40.96
28-12-18,1.66,14.8,37.38
29-12-18,1.96,16.49,39.29
30-12-18,2.94,19.91,42.87
31-12-18,2.7,17.38,41.44
01-01-19,2.54,17.77,39.58
02-01-19,2.78,18.27,43.3
03-01-19,2.55,15.12,39.77
04-01-19,2.01,13.22,28.75
05-01-19,2.23,15.59,36.33
06-01-19,1.49,13.65,31.48
07-01-19,1.57,15.49,27.11
08-01-19,1.31,14.67,27.37
09-01-19,1.3,15.09,30.9
10-01-19,1.75,16.81,30.92
11-01-19,2.9,20.03,35.61
12-01-19,3.11,17.81,39.78
13-01-19,2.36,17.83,37.53
14-01-19,1.04,15.05,31.33
15-01-19,1.37,17.09,29.85
16-01-19,2.58,20.35,33.75
17-01-19,3.13,19.63,39.76
18-01-19,2.06,14.7,30.35
19-01-19,2.35,18.07,34.75
20-01-19,3.66,20.98,45.03
21-01-19,1.83,16.82,32.77
22-01-19,1.01,11.87,27.01
23-01-19,1.62,14.17,26.51
24-01-19,1.44,15.29,30.57
25-01-19,1.01,14.62,30.01
26-01-19,0.98,14.48,35.41
27-01-19,1.1,15.89,33.34
28-01-19,1.06,15.76,33.6
29-01-19,1.24,18.56,33.83
30-01-19,1.76,24.75,35.84
31-01-19,1.9,20.48,37.52
01-02-19,1.34,17.83,33.12
02-02-19,1.24,11.55,30.88
03-02-19,1.32,11.7,29.44
04-02-19,1.81,14.06,33.42
05-02-19,2.95,22.38,46.33
06-02-19,1.64,15.59,34.4
07-02-19,0.84,11.12,30.25
08-02-19,0.94,12.66,30.59
09-02-19,0.96,13.25,33.55
10-02-19,1.36,16.41,33.03
11-02-19,1.78,17.52,37.03
12-02-19,2.09,19.93,43.29
13-02-19,1.94,18.61,43.36
14-02-19,1.42,14.53,32.61
15-02-19,1.22,15.38,28.15
16-02-19,1.13,12.92,26.45
17-02-19,1.09,15.14,34.81
18-02-19,1.18,16.78,33.69
19-02-19,1.56,15.93,36.66
20-02-19,1.4,17.16,23.68
21-02-19,1.37,20.1,34.41
22-02-19,1.07,13.94,28.45
23-02-19,0.85,15.66,37.26
24-02-19,1.03,18.99,38.02
25-02-19,1.24,18.07,42.49
26-02-19,0.95,16.88,32.19
27-02-19,0.79,12.52,31.38
28-02-19,1.25,16.98,35.95
01-03-19,1.17,15.81,37.75
02-03-19,1.36,17.96,25.07
03-03-19,1.16,13.48,33.59
04-03-19,1.54,14.75,38.13
05-03-19,1.01,14.26,36.3
06-03-19,1.25,15.16,33.71
07-03-19,1.48,16.39,39.32
08-03-19,1.27,17.44,37.86
09-03-19,0.99,17.3,33.51
10-03-19,0.96,16.36,44.11
11-03-19,1.24,18.44,42.09
12-03-19,0.93,13.82,37.15
13-03-19,1.27,22.48,33.94
14-03-19,1.36,17.54,28.81
15-03-19,1,16.21,33.4
16-03-19,0.92,15.72,43.66
17-03-19,1.07,19.96,42
18-03-19,1.19,20.36,43.21
19-03-19,1.29,20.72,40.14
20-03-19,1.35,21.42,40.41
21-03-19,1.34,19.99,46.64
22-03-19,0.74,16.06,46.73
23-03-19,0.89,17.52,52.24
24-03-19,0.82,19.06,42.57
25-03-19,0.93,20.19,36.06
26-03-19,1.04,19.26,41.35
27-03-19,1.22,20.35,43.23
28-03-19,1.76,24.86,48.44
29-03-19,1.8,19.52,46.51
30-03-19,1.51,22.39,51.49
31-03-19,0.94,18.9,48.72
01-04-19,0.88,20.09,54.95
02-04-19,1.19,24.4,54.67
03-04-19,1.32,21.6,51.06
04-04-19,1.8,29.11,60.25
05-04-19,1.96,28.67,57
06-04-19,1.32,23.23,50.84
07-04-19,1.49,21.35,53.16
08-04-19,1.06,15.1,51.32
09-04-19,1.44,22.03,57.86
10-04-19,1.76,20.84,50.86
11-04-19,1.21,21.51,48.59
12-04-19,1.12,19.48,51.94
13-04-19,1.06,20.82,45.3
14-04-19,1.02,20.65,41.86
15-04-19,1.28,22.2,42.3
16-04-19,1.1,12.59,47.49
17-04-19,0.9,11.1,45.44
18-04-19,1.01,15.05,50.12
19-04-19,1.24,21.22,45.45
20-04-19,1.42,26.03,55.67
21-04-19,1.66,22.16,50.13
22-04-19,1.87,29.31,56.24
23-04-19,1.92,25.76,53.24
24-04-19,1.41,19.17,61.45
25-04-19,1.31,17.67,65.26
26-04-19,1.34,26.12,47.45
27-04-19,1.05,21.85,52.16
28-04-19,1.06,20.02,54
29-04-19,1.33,23.71,50.32
30-04-19,1.62,26.58,57.54
01-05-19,1.61,27.67,65.95
02-05-19,1.19,18.26,65.33
03-05-19,1.09,17.91,64.36
04-05-19,1.26,18.19,46.34
05-05-19,1.51,21.93,52.97
06-05-19,1.93,23.72,55.91
07-05-19,1.98,22.77,40.32
08-05-19,2,25.84,47.34
09-05-19,1.52,23.46,50.71
10-05-19,1.03,17.6,52.66
11-05-19,1.15,21.6,62.02
12-05-19,1.22,19.36,57.85
13-05-19,1.51,33.5,67.84
14-05-19,1.02,13.4,54.85
15-05-19,1.52,20.93,41.85
16-05-19,1.38,15.36,46.97
17-05-19,1.31,13.26,46.42
18-05-19,1.04,10.93,45.46
19-05-19,1.21,17.36,59.34
20-05-19,1.35,19.81,53.31
21-05-19,1.21,20.15,55.06
22-05-19,1.5,16.92,38.34
23-05-19,1.49,21.68,55.29
24-05-19,1.21,11.99,31.11
25-05-19,0.99,13.09,51.47
26-05-19,1.06,17.94,59.94
27-05-19,1.28,18.9,53.59
28-05-19,1.3,20.59,54.43
29-05-19,1.45,23.61,57.99
30-05-19,1.75,21.99,49.58
31-05-19,1.47,19.82,58.49
01-06-19,1.56,21.54,64.56
02-06-19,1.07,14.15,60.84
03-06-19,1.03,12.64,60.03
04-06-19,1.14,13.67,65.82
05-06-19,1.29,15.82,59.78
06-06-19,1.13,16.15,61.04
07-06-19,1.11,14.44,74.12
08-06-19,1.47,13.47,63.64
09-06-19,1.86,21.74,69.14
10-06-19,1.63,15.19,55.95
11-06-19,1.41,13.52,39.96
12-06-19,0.92,11.57,62.12
13-06-19,1.03,11.79,52.93
14-06-19,1.07,12.89,59.31
15-06-19,1.18,17.56,57.41
16-06-19,0.8,9.54,46.81
17-06-19,0.89,11.07,40.56
18-06-19,1.03,8,48.99
19-06-19,1.12,12.69,61.02
20-06-19,0.92,9.7,68.57
21-06-19,1.22,12.23,59.68
22-06-19,1.11,14.97,69.18
23-06-19,0.95,10.11,57.33
24-06-19,0.92,10.74,37.78
25-06-19,1.07,11.91,54.02
26-06-19,1.16,12.87,46.26
27-06-19,1.16,13.46,46.84
28-06-19,1.02,14.43,38.39
29-06-19,0.93,11.99,37.99
30-06-19,1.04,12.82,44.4
01-07-19,0.94,12.22,58
02-07-19,0.99,12.02,64.82
03-07-19,0.99,9.75,42.31
04-07-19,1.11,9.75,28.2
05-07-19,1.2,11.05,22.68
06-07-19,1,10.18,33.71
07-07-19,1.08,10.67,38.66
08-07-19,1.15,10.64,35.11
09-07-19,1.11,9.52,25.75
10-07-19,1.04,10.41,28.65
11-07-19,0.97,9.64,29.84
12-07-19,1.05,8.96,28.38
13-07-19,0.97,9.11,30.81
14-07-19,0.95,9.85,32.77
15-07-19,1.09,10.39,27.23
16-07-19,1.05,9.64,30.05
17-07-19,1.03,8.91,31.48
18-07-19,1.24,8.86,30.75
19-07-19,1.41,9.95,49.9
20-07-19,1.15,8.6,29.1
21-07-19,1.39,8.83,32.04
22-07-19,1.55,8.95,34.79
23-07-19,1.61,9.05,40.16
24-07-19,1.41,8.83,33.1
25-07-19,0.94,8.76,22.78
26-07-19,0.99,8.92,27.72
27-07-19,1,8.67,29.54
28-07-19,0.89,8.43,30.62
29-07-19,0.92,8.97,29.78
30-07-19,0.97,9.36,27.42
31-07-19,0.93,8.78,31.25
01-08-19,0.94,8.79,32.51
02-08-19,1.03,8.45,29.29
03-08-19,1.07,9.43,27.74
04-08-19,1.13,9.96,27.25
05-08-19,1.24,9.37,28.66
06-08-19,1.14,8.26,22.91
07-08-19,1.22,9.81,29.87
08-08-19,1.01,10.61,30.92
09-08-19,0.86,9.3,26.17
10-08-19,0.87,8.47,25.43
11-08-19,0.96,8.65,26.21
12-08-19,1.02,8.14,21.46
13-08-19,1.1,8.37,20.73
14-08-19,1.19,8.5,31.43
15-08-19,1.04,8.51,23.58
16-08-19,0.87,8.61,23.59
17-08-19,0.81,7.67,16.51
18-08-19,0.98,8.57,18.03
19-08-19,1.31,8.6,28.06
20-08-19,1.23,8.12,28.41
21-08-19,1.14,7.81,31.18
22-08-19,1.21,8.41,25.95
23-08-19,1.3,8.36,28.57
24-08-19,1.47,8.78,28.17
25-08-19,0.93,8.23,24.22
26-08-19,0.99,8.55,24.07
27-08-19,1.17,10.01,36.98
28-08-19,1.07,9.64,34.34
29-08-19,0.93,8.24,30.97
30-08-19,1.02,9.33,39.25
31-08-19,1.41,9.14,33.71
01-09-19,1.11,8.41,31.24
02-09-19,1.07,8.81,39.18
03-09-19,1.21,8.95,32.5
04-09-19,1.22,9.03,36.13
05-09-19,0.97,9.25,28.87
06-09-19,0.99,10.9,27.22
07-09-19,1,8.17,24.58
08-09-19,0.9,8.72,32.4
09-09-19,1,8.45,30.84
10-09-19,1.07,9.49,40.53
11-09-19,1.15,9.54,48.95
12-09-19,0.99,8.91,32.08
13-09-19,0.88,8.16,27.33
14-09-19,0.77,8.48,28.64
15-09-19,0.91,8.55,28.58
16-09-19,1.13,8.35,35.4
17-09-19,1.12,8.64,41.22
18-09-19,0.86,9.46,37.19
19-09-19,0.78,9.29,27.34
20-09-19,0.95,10.81,29.76
21-09-19,0.99,9.63,28.51
22-09-19,0.91,9.32,21.15
23-09-19,0.93,9.9,30.49
24-09-19,0.98,9.19,28.92
25-09-19,0.9,8.94,28.53
26-09-19,0.83,10.43,24.16
27-09-19,0.78,10.3,23.54
28-09-19,0.77,10.01,22.22
29-09-19,0.74,8.85,22.84
30-09-19,0.92,8.22,26.67
01-10-19,0.96,8.5,26.15
02-10-19,1.05,8.95,34.94
03-10-19,1.25,10.42,44.29
04-10-19,0.99,8.34,32.54
05-10-19,1.03,8.08,32.66
06-10-19,0.99,8.62,40.18
07-10-19,0.91,8.25,36.23
08-10-19,0.85,8.91,38.81
09-10-19,1.37,11.9,51.37
10-10-19,1.34,13.83,53.51
11-10-19,1.37,11.02,47.07
12-10-19,1.44,11.26,44.45
13-10-19,1.65,12.75,44.55
14-10-19,1.73,11.46,43.59
15-10-19,2.18,13.31,53.79
16-10-19,1.77,13.22,55.69
17-10-19,1.44,14.95,49.68
18-10-19,1.14,11.36,42.7
19-10-19,1.18,11.33,43.23
20-10-19,1.26,10.64,33.47
21-10-19,1.3,11.11,36.8
22-10-19,1.37,11.7,39.48
23-10-19,1.79,14.08,44.15
24-10-19,2.46,18.87,57.94
25-10-19,1.72,15.17,52.25
26-10-19,1.92,12.76,50.59
27-10-19,1.77,13.21,47.27
28-10-19,1.77,18.03,42.79
29-10-19,2.43,12.71,33.2
30-10-19,2.67,13.81,34.86
31-10-19,2.92,15.86,38.29
01-11-19,2.59,16.32,49.77
02-11-19,1.93,12.88,35
03-11-19,2.39,10.2,33.91
04-11-19,1.47,11.68,36.82
05-11-19,1.43,13.17,39.23
06-11-19,1.52,11.58,29.77
07-11-19,1.58,11.95,23.72
08-11-19,1.68,14.04,32.33
09-11-19,1.34,11.58,30.42
10-11-19,1.44,13.95,38.5
11-11-19,1.79,15.18,42.35
12-11-19,2.25,14.41,48.8
13-11-19,2.5,15.12,39.52
14-11-19,2.92,16.26,26.54
15-11-19,2.35,14.14,37.71
16-11-19,1.34,12.89,31.94
17-11-19,0.92,10.78,27.01
18-11-19,1.26,10.55,30.33
19-11-19,1.6,12.05,31.56
20-11-19,2.21,14.74,38.99
21-11-19,3,19.85,48.43
22-11-19,2.4,16.02,41.54
23-11-19,1.3,11.64,25.58
24-11-19,1.01,11.35,29.6
25-11-19,1.45,13.59,31.86
26-11-19,1.41,17.65,39.21
27-11-19,0.89,10.71,30.2
28-11-19,0.65,8.99,28.72
29-11-19,1.03,10.14,24.66
30-11-19,1.21,9.87,23.38
01-12-19,1.17,11.39,32.28
02-12-19,1.49,11.18,32.54
03-12-19,1.49,11.37,32.57
04-12-19,1.95,13.48,33.48
05-12-19,2.95,14.48,42.41
06-12-19,2.03,13.41,32.34
07-12-19,2.32,15.4,33.69
08-12-19,2.88,13.69,32.51
09-12-19,2.32,12.34,29.47
10-12-19,2.41,12.49,38.14
11-12-19,3.2,14.71,41.46
12-12-19,2.01,12.61,44.13
13-12-19,1.14,7.9,29.14
14-12-19,1.18,9.04,22.94
15-12-19,1.15,8.5,22.96
16-12-19,1.04,7.17,22.1
17-12-19,1.07,7.26,24.27
18-12-19,1.24,7.98,32.08
19-12-19,1.92,9.64,28.22
20-12-19,2.16,9.92,29.05
21-12-19,1.71,8.52,23.62
22-12-19,1.13,6.67,21.48
23-12-19,1.28,7,23.8
24-12-19,1.76,8.7,28.17
25-12-19,1.2,6.96,21.13
26-12-19,1.17,6.99,25.73
27-12-19,1.39,7.88,27.55
28-12-19,1.96,10.26,27.92
29-12-19,1.86,10.25,35.11
30-12-19,2.24,11.15,26.44
31-12-19,1.8,11.03,28.07
01-01-20,3.15,18.49,39.58
02-01-20,3.32,19.95,36.5
03-01-20,2.8,14.93,27.82
04-01-20,2.2,12.85,29.94
05-01-20,1.23,9.59,30.21
06-01-20,1.27,11.34,21.99
07-01-20,1.18,12.74,22.82
08-01-20,1.13,8.67,17.63
09-01-20,0.89,7.28,22
10-01-20,1.3,9.44,27.25
11-01-20,1.54,11.65,30.98
12-01-20,2.26,12.35,32.47
13-01-20,2.11,11.59,27.98
14-01-20,1.16,9.24,21.62
15-01-20,1.17,10.68,26.19
16-01-20,1.11,10.44,18.63
17-01-20,1.14,9.69,18.97
18-01-20,1.32,9.65,19.93
19-01-20,0.96,8.69,25.86
20-01-20,1.39,9.65,24.64
21-01-20,1.93,12.24,27.6
22-01-20,1.9,10.95,24.63
23-01-20,0.79,8.71,27.73
24-01-20,0.99,10.73,30.53
25-01-20,1.48,12.36,26.8
26-01-20,2.09,12.81,32.7
27-01-20,2.19,14.72,26.6
28-01-20,1.26,11.12,23.29
29-01-20,1.24,9.85,23.96
30-01-20,1.08,10.06,24.23
31-01-20,1.1,9.9,24.36
01-02-20,1.26,10.02,29.22
02-02-20,1.2,10.32,29.69
03-02-20,1.51,11.4,33.94
04-02-20,2.21,15.26,41
05-02-20,1.3,13.31,32.03
06-02-20,1.18,12.08,33.75
07-02-20,1.51,14.21,34.75
08-02-20,1.16,14.39,35.72
09-02-20,1.29,14.64,36.29
10-02-20,1.61,14.83,31.92
11-02-20,1.89,14.37,37.22
12-02-20,1.29,16.24,37.86
13-02-20,0.95,16.49,36.8
14-02-20,0.82,13.53,43.62
15-02-20,0.91,17.59,42.21
16-02-20,1.38,19.61,40.01
17-02-20,1.61,18.85,38.6
18-02-20,1.39,23.01,42.7
19-02-20,2,20.13,44.29
20-02-20,0.99,14.91,55.32
21-02-20,0.83,10.45,39.58
22-02-20,1.2,13.38,32.03
23-02-20,1.26,14.3,35.15
24-02-20,1.02,15.94,33.36
25-02-20,1.22,18.24,35.32
26-02-20,1.54,17.61,38.64
27-02-20,1.23,14.7,36.36
28-02-20,0.97,11.55,41.53
29-02-20,0.83,12.05,37.35
01-03-20,0.97,12.19,39.84
02-03-20,1.58,15.81,36.64
03-03-20,1.22,15.48,32.39
04-03-20,1.1,16.22,41.77
05-03-20,0.81,11.32,36.98
06-03-20,0.87,10.42,33.52
07-03-20,0.82,11.84,35.47
08-03-20,1.11,12.61,34.59
09-03-20,0.75,13.33,34.54
10-03-20,0.84,17.21,47.66
11-03-20,0.76,13.82,42.36
12-03-20,0.94,13.68,34.27
13-03-20,0.87,15.42,37.42
14-03-20,0.76,11.59,29.17
15-03-20,0.9,13.92,37.25
16-03-20,0.89,14.8,38.38
17-03-20,1,15.06,40.59
18-03-20,1.07,14.93,41.73
19-03-20,1.14,17.66,43.16
20-03-20,1.24,19.71,48.23
21-03-20,1.18,18.55,43.19
22-03-20,0.92,16.63,47.67
23-03-20,0.78,15.17,46.48
24-03-20,0.81,15.81,38.23
25-03-20,0.68,11.49,32.11
26-03-20,0.58,12.82,30.59
27-03-20,0.53,11.04,27.38
28-03-20,0.54,10.28,25.06
29-03-20,0.52,10.39,35.75
30-03-20,0.58,12.47,40.26
31-03-20,0.56,12.33,40.96
01-04-20,0.62,13,35.06
02-04-20,0.6,10.84,39.47
03-04-20,0.61,11.99,46.82
04-04-20,0.68,12.59,41.26
05-04-20,0.81,16.03,44.55
06-04-20,0.81,15.59,44.16
07-04-20,0.6,13.46,42.65
08-04-20,0.56,12.85,45.8
09-04-20,0.66,14.2,48.34
10-04-20,0.81,16.32,40.36
11-04-20,0.83,18.38,49.51
12-04-20,0.67,15.7,50.15
13-04-20,0.83,19.86,41.07
14-04-20,0.93,17.38,40.74
15-04-20,0.93,14.89,38.22
16-04-20,0.94,19.42,41.87
17-04-20,0.64,14.08,53.53
18-04-20,0.68,12.63,49.14
19-04-20,0.71,13.17,40.53
20-04-20,1.02,15.06,32.67
21-04-20,0.82,15.36,48.56
22-04-20,0.86,17.34,46.94
23-04-20,0.91,17.39,43.99
24-04-20,0.99,18.62,47.98
25-04-20,0.75,12.76,54.53
26-04-20,0.77,16.21,47.16
27-04-20,0.76,15.59,53.43
28-04-20,0.86,17.6,58.96
29-04-20,0.91,19.08,58.57
30-04-20,0.84,17.42,59.55
01-05-20,0.89,17.52,56.81
02-05-20,0.76,13,60.45
03-05-20,0.68,11.94,49.04
04-05-20,0.72,11.92,50.56
05-05-20,0.87,16.4,52.12
06-05-20,0.89,15.78,53.95
07-05-20,0.73,13.6,73.11
08-05-20,0.83,13.82,74.28
09-05-20,0.85,13.33,76.32
10-05-20,0.74,12.02,63.71
11-05-20,0.76,12.66,64.6
12-05-20,0.75,13.84,64.1
13-05-20,0.9,15.41,52.2
14-05-20,0.89,12.92,50.22
15-05-20,0.84,13.71,53.08
16-05-20,0.99,16.19,63.12
17-05-20,1.06,20.19,59.79
18-05-20,1.12,22.11,53.55
19-05-20,1.31,20.41,57.05
20-05-20,1.03,18.96,62.34
21-05-20,1.09,18.99,62.56
22-05-20,1.31,26.05,55.45
23-05-20,1.16,17.05,41.87
24-05-20,0.87,17.11,53.31
25-05-20,0.94,21.3,54.74
26-05-20,1.1,16.82,38.73
27-05-20,0.83,14.49,66.77
28-05-20,0.8,11.68,55.92
29-05-20,0.77,9.95,47.48
30-05-20,0.84,9.95,50.29
31-05-20,0.84,9.06,42.29
01-06-20,0.96,14.02,50.57
02-06-20,0.92,12.71,50.06
03-06-20,0.9,15.91,52.16
04-06-20,1.09,17.97,39.14
05-06-20,0.87,12.46,44.83
06-06-20,0.82,10.69,51.46
07-06-20,0.86,11.89,45.4
08-06-20,0.94,15.78,51.77
09-06-20,1.01,15.06,49.14
10-06-20,1.03,14.12,40.8
11-06-20,0.91,12.74,40.63
12-06-20,1.06,12.9,43.37
13-06-20,0.95,10.59,34.95
14-06-20,1.04,13.57,38.86
15-06-20,0.88,12.57,48.39
16-06-20,0.88,12.08,51.4
17-06-20,0.78,10.84,48.72
18-06-20,0.82,12.19,47.98
19-06-20,0.86,11.98,40.95
20-06-20,0.8,10.98,36.24
21-06-20,0.85,11.71,33.92
22-06-20,0.91,11.08,42.76
23-06-20,0.88,11.09,28.64
24-06-20,0.89,11.02,24.77
25-06-20,1.02,11.28,25.92
26-06-20,1.01,11.66,24.82
27-06-20,0.87,10.38,18.88
28-06-20,0.94,10.7,18.05
29-06-20,0.88,11.58,26.61
30-06-20,0.84,10.51,37.29
01-07-20,0.97,11.15,29.73
